Date,Close
27/03/2014 16:00:00,27.85
28/03/2014 16:00:00,27.92
31/03/2014 16:00:00,27.77
01/04/2014 16:00:00,28.28
02/04/2014 16:00:00,28.27
03/04/2014 16:00:00,28.41
04/04/2014 16:00:00,27.08
07/04/2014 16:00:00,26.83
08/04/2014 16:00:00,27.67
09/04/2014 16:00:00,28.13
10/04/2014 16:00:00,26.97
11/04/2014 16:00:00,26.46
14/04/2014 16:00:00,26.55
15/04/2014 16:00:00,26.75
16/04/2014 16:00:00,27.75
17/04/2014 16:00:00,26.73
21/04/2014 16:00:00,26.36
22/04/2014 16:00:00,26.67
23/04/2014 16:00:00,26.27
24/04/2014 16:00:00,26.19
25/04/2014 16:00:00,25.74
28/04/2014 16:00:00,25.79
29/04/2014 16:00:00,26.31
30/04/2014 16:00:00,26.26
01/05/2014 16:00:00,26.49
02/05/2014 16:00:00,26.32
05/05/2014 16:00:00,26.32
06/05/2014 16:00:00,25.69
07/05/2014 16:00:00,25.43
08/05/2014 16:00:00,25.48
09/05/2014 16:00:00,25.87
12/05/2014 16:00:00,26.42
13/05/2014 16:00:00,26.58
14/05/2014 16:00:00,26.26
15/05/2014 16:00:00,25.93
16/05/2014 16:00:00,25.96
19/05/2014 16:00:00,26.37
20/05/2014 16:00:00,26.42
21/05/2014 16:00:00,26.87
22/05/2014 16:00:00,27.18
23/05/2014 16:00:00,27.56
27/05/2014 16:00:00,28.22
28/05/2014 16:00:00,28.01
29/05/2014 16:00:00,27.93
30/05/2014 16:00:00,27.92
02/06/2014 16:00:00,27.62
03/06/2014 16:00:00,27.17
04/06/2014 16:00:00,27.16
05/06/2014 16:00:00,27.62
06/06/2014 16:00:00,27.74
09/06/2014 16:00:00,28.03
10/06/2014 16:00:00,27.95
11/06/2014 16:00:00,27.87
12/06/2014 16:00:00,27.49
13/06/2014 16:00:00,27.51
16/06/2014 16:00:00,27.14
17/06/2014 16:00:00,27.08
18/06/2014 16:00:00,27.59
19/06/2014 16:00:00,27.67
20/06/2014 16:00:00,27.74
23/06/2014 16:00:00,28.17
24/06/2014 16:00:00,28.15
25/06/2014 16:00:00,28.85
26/06/2014 16:00:00,28.72
27/06/2014 16:00:00,28.78
30/06/2014 16:00:00,28.69
01/07/2014 16:00:00,29.05
02/07/2014 16:00:00,29.04
03/07/2014 16:00:00,29.16
07/07/2014 16:00:00,29.03
08/07/2014 16:00:00,28.48
09/07/2014 16:00:00,28.73
10/07/2014 16:00:00,28.48
11/07/2014 16:00:00,28.88
14/07/2014 16:00:00,29.16
15/07/2014 16:00:00,29.16
16/07/2014 16:00:00,29.05
17/07/2014 16:00:00,28.61
18/07/2014 16:00:00,29.67
21/07/2014 16:00:00,29.39
22/07/2014 16:00:00,29.66
23/07/2014 16:00:00,29.72
24/07/2014 16:00:00,29.59
25/07/2014 16:00:00,29.37
28/07/2014 16:00:00,29.45
29/07/2014 16:00:00,29.2
30/07/2014 16:00:00,29.29
31/07/2014 16:00:00,28.5
01/08/2014 16:00:00,28.23
04/08/2014 16:00:00,28.58
05/08/2014 16:00:00,28.18
06/08/2014 16:00:00,28.24
07/08/2014 16:00:00,28.09
08/08/2014 16:00:00,28.36
11/08/2014 16:00:00,28.32
12/08/2014 16:00:00,28.06
13/08/2014 16:00:00,28.66
14/08/2014 16:00:00,28.65
15/08/2014 16:00:00,28.6
18/08/2014 16:00:00,29.03
19/08/2014 16:00:00,29.26
20/08/2014 16:00:00,29.14
21/08/2014 16:00:00,29.09
22/08/2014 16:00:00,29.05
25/08/2014 16:00:00,28.93
26/08/2014 16:00:00,28.81
27/08/2014 16:00:00,28.47
28/08/2014 16:00:00,28.38
29/08/2014 16:00:00,28.5
02/09/2014 16:00:00,28.79
03/09/2014 16:00:00,28.82
04/09/2014 16:00:00,29.02
05/09/2014 16:00:00,29.22
08/09/2014 16:00:00,29.41
09/09/2014 16:00:00,28.97
10/09/2014 16:00:00,29.08
11/09/2014 16:00:00,28.99
12/09/2014 16:00:00,28.7
15/09/2014 16:00:00,28.58
16/09/2014 16:00:00,28.92
17/09/2014 16:00:00,29.16
18/09/2014 16:00:00,29.38
19/09/2014 16:00:00,29.72
22/09/2014 16:00:00,29.29
23/09/2014 16:00:00,28.98
24/09/2014 16:00:00,29.32
25/09/2014 16:00:00,28.67
26/09/2014 16:00:00,28.78
29/09/2014 16:00:00,28.74
30/09/2014 16:00:00,28.79
01/10/2014 16:00:00,28.34
02/10/2014 16:00:00,28.43
03/10/2014 16:00:00,28.69
06/10/2014 16:00:00,28.79
07/10/2014 16:00:00,28.11
08/10/2014 16:00:00,28.55
09/10/2014 16:00:00,27.97
10/10/2014 16:00:00,27.15
13/10/2014 16:00:00,26.59
14/10/2014 16:00:00,26.82
15/10/2014 16:00:00,26.43
16/10/2014 16:00:00,26.15
17/10/2014 16:00:00,25.49
20/10/2014 16:00:00,25.97
21/10/2014 16:00:00,26.25
22/10/2014 16:00:00,26.56
23/10/2014 16:00:00,27.12
24/10/2014 16:00:00,26.92
27/10/2014 16:00:00,26.96
28/10/2014 16:00:00,27.37
29/10/2014 16:00:00,27.39
30/10/2014 16:00:00,27.44
31/10/2014 16:00:00,27.88
03/11/2014 16:00:00,27.69
04/11/2014 16:00:00,27.63
05/11/2014 16:00:00,27.22
06/11/2014 16:00:00,27.03
07/11/2014 16:00:00,26.98
10/11/2014 16:00:00,27.3
11/11/2014 16:00:00,27.44
12/11/2014 16:00:00,27.29
13/11/2014 16:00:00,27.19
14/11/2014 16:00:00,27.15
17/11/2014 16:00:00,26.75
18/11/2014 16:00:00,26.68
19/11/2014 16:00:00,26.78
20/11/2014 16:00:00,26.67
21/11/2014 16:00:00,26.8
24/11/2014 16:00:00,26.89
25/11/2014 16:00:00,26.98
26/11/2014 16:00:00,26.94
28/11/2014 16:00:00,27.02
01/12/2014 16:00:00,26.62
02/12/2014 16:00:00,26.61
03/12/2014 16:00:00,26.49
04/12/2014 16:00:00,26.79
05/12/2014 16:00:00,26.19
08/12/2014 16:00:00,26.28
09/12/2014 16:00:00,26.6
10/12/2014 16:00:00,26.23
11/12/2014 16:00:00,26.34
12/12/2014 16:00:00,25.86
15/12/2014 16:00:00,25.62
16/12/2014 16:00:00,24.7
17/12/2014 16:00:00,25.18
18/12/2014 16:00:00,25.49
19/12/2014 16:00:00,25.75
22/12/2014 16:00:00,26.17
23/12/2014 16:00:00,26.46
24/12/2014 16:00:00,26.37
26/12/2014 16:00:00,26.63
29/12/2014 16:00:00,26.44
30/12/2014 16:00:00,26.45
31/12/2014 16:00:00,26.25
02/01/2015 16:00:00,26.17
05/01/2015 16:00:00,25.62
06/01/2015 16:00:00,25.03
07/01/2015 16:00:00,24.99
08/01/2015 16:00:00,25.07
09/01/2015 16:00:00,24.74
12/01/2015 16:00:00,24.56
13/01/2015 16:00:00,24.74
14/01/2015 16:00:00,24.97
15/01/2015 16:00:00,25.02
16/01/2015 16:00:00,25.33
20/01/2015 16:00:00,25.28
21/01/2015 16:00:00,25.83
22/01/2015 16:00:00,26.65
23/01/2015 16:00:00,26.92
26/01/2015 16:00:00,26.69
27/01/2015 16:00:00,25.86
28/01/2015 16:00:00,25.43
29/01/2015 16:00:00,25.46
30/01/2015 16:00:00,26.65
02/02/2015 16:00:00,26.35
03/02/2015 16:00:00,26.39
04/02/2015 16:00:00,26.07
05/02/2015 16:00:00,26.31
06/02/2015 16:00:00,26.48
09/02/2015 16:00:00,26.32
10/02/2015 16:00:00,26.77
11/02/2015 16:00:00,26.73
12/02/2015 16:00:00,27.07
13/02/2015 16:00:00,27.38
17/02/2015 16:00:00,27.07
18/02/2015 16:00:00,26.91
19/02/2015 16:00:00,27.07
20/02/2015 16:00:00,26.87
23/02/2015 16:00:00,26.52
24/02/2015 16:00:00,26.73
25/02/2015 16:00:00,27.12
26/02/2015 16:00:00,27.7
27/02/2015 16:00:00,27.84
02/03/2015 16:00:00,28.49
03/03/2015 16:00:00,28.6
04/03/2015 16:00:00,28.59
05/03/2015 16:00:00,28.69
06/03/2015 16:00:00,28.31
09/03/2015 16:00:00,28.36
10/03/2015 16:00:00,27.67
11/03/2015 16:00:00,27.48
12/03/2015 16:00:00,27.7
13/03/2015 16:00:00,27.29
16/03/2015 16:00:00,27.65
17/03/2015 16:00:00,27.47
18/03/2015 16:00:00,27.9
19/03/2015 16:00:00,27.82
20/03/2015 16:00:00,27.94
23/03/2015 16:00:00,27.86
24/03/2015 16:00:00,28.43
25/03/2015 16:00:00,27.86
26/03/2015 16:00:00,27.68
27/03/2015 16:00:00,27.34
30/03/2015 16:00:00,27.53
31/03/2015 16:00:00,27.32
01/04/2015 16:00:00,27.05
02/04/2015 16:00:00,26.7
06/04/2015 16:00:00,26.76
07/04/2015 16:00:00,26.78
08/04/2015 16:00:00,27.01
09/04/2015 16:00:00,26.96
10/04/2015 16:00:00,26.93
13/04/2015 16:00:00,26.88
14/04/2015 16:00:00,26.45
15/04/2015 16:00:00,26.55
16/04/2015 16:00:00,26.62
17/04/2015 16:00:00,26.13
20/04/2015 16:00:00,26.7
21/04/2015 16:00:00,26.63
22/04/2015 16:00:00,26.89
23/04/2015 16:00:00,27.28
24/04/2015 16:00:00,28.18
27/04/2015 16:00:00,27.77
28/04/2015 16:00:00,27.68
29/04/2015 16:00:00,27.45
30/04/2015 16:00:00,26.87
01/05/2015 16:00:00,26.9
04/05/2015 16:00:00,27.04
05/05/2015 16:00:00,26.54
06/05/2015 16:00:00,26.21
07/05/2015 16:00:00,26.54
08/05/2015 16:00:00,26.91
11/05/2015 16:00:00,26.79
12/05/2015 16:00:00,26.45
13/05/2015 16:00:00,26.48
14/05/2015 16:00:00,26.92
15/05/2015 16:00:00,26.69
18/05/2015 16:00:00,26.62
19/05/2015 16:00:00,26.87
20/05/2015 16:00:00,26.96
21/05/2015 16:00:00,27.13
22/05/2015 16:00:00,27.01
26/05/2015 16:00:00,26.62
27/05/2015 16:00:00,26.99
28/05/2015 16:00:00,26.99
29/05/2015 16:00:00,26.61
01/06/2015 16:00:00,26.7
02/06/2015 16:00:00,26.96
03/06/2015 16:00:00,27.02
04/06/2015 16:00:00,26.84
05/06/2015 16:00:00,26.67
08/06/2015 16:00:00,26.34
09/06/2015 16:00:00,26.33
10/06/2015 16:00:00,26.83
11/06/2015 16:00:00,26.73
12/06/2015 16:00:00,26.62
15/06/2015 16:00:00,26.36
16/06/2015 16:00:00,26.41
17/06/2015 16:00:00,26.46
18/06/2015 16:00:00,26.84
19/06/2015 16:00:00,26.83
22/06/2015 16:00:00,26.91
23/06/2015 16:00:00,27.02
24/06/2015 16:00:00,26.89
25/06/2015 16:00:00,26.76
26/06/2015 16:00:00,26.58
29/06/2015 16:00:00,26.08
30/06/2015 16:00:00,26.03
01/07/2015 16:00:00,26.09
02/07/2015 16:00:00,26.17
06/07/2015 16:00:00,26.14
07/07/2015 16:00:00,26.25
08/07/2015 16:00:00,25.84
09/07/2015 16:00:00,26.03
10/07/2015 16:00:00,26.51
13/07/2015 16:00:00,27.33
14/07/2015 16:00:00,28.06
15/07/2015 16:00:00,28.01
16/07/2015 16:00:00,28.99
17/07/2015 16:00:00,33.65
20/07/2015 16:00:00,33.15
21/07/2015 16:00:00,33.12
22/07/2015 16:00:00,33.1
23/07/2015 16:00:00,32.21
24/07/2015 16:00:00,31.18
27/07/2015 16:00:00,31.36
28/07/2015 16:00:00,31.4
29/07/2015 16:00:00,31.6
30/07/2015 16:00:00,31.63
31/07/2015 16:00:00,31.28
03/08/2015 16:00:00,31.56
04/08/2015 16:00:00,31.46
05/08/2015 16:00:00,32.19
06/08/2015 16:00:00,32.13
07/08/2015 16:00:00,31.77
10/08/2015 16:00:00,31.69
11/08/2015 16:00:00,33.04
12/08/2015 16:00:00,32.98
13/08/2015 16:00:00,32.82
14/08/2015 16:00:00,32.86
17/08/2015 16:00:00,33.04
18/08/2015 16:00:00,32.81
19/08/2015 16:00:00,33.05
20/08/2015 16:00:00,32.34
21/08/2015 16:00:00,30.62
24/08/2015 16:00:00,29.48
25/08/2015 16:00:00,29.1
26/08/2015 16:00:00,31.43
27/08/2015 16:00:00,31.88
28/08/2015 16:00:00,31.52
31/08/2015 16:00:00,30.91
01/09/2015 16:00:00,29.89
02/09/2015 16:00:00,30.72
03/09/2015 16:00:00,30.31
04/09/2015 16:00:00,30.04
08/09/2015 16:00:00,30.73
09/09/2015 16:00:00,30.64
10/09/2015 16:00:00,31.07
11/09/2015 16:00:00,31.29
14/09/2015 16:00:00,31.16
15/09/2015 16:00:00,31.76
16/09/2015 16:00:00,31.8
17/09/2015 16:00:00,32.15
18/09/2015 16:00:00,31.46
21/09/2015 16:00:00,31.77
22/09/2015 16:00:00,31.13
23/09/2015 16:00:00,31.12
24/09/2015 16:00:00,31.29
25/09/2015 16:00:00,30.6
28/09/2015 16:00:00,29.74
29/09/2015 16:00:00,29.75
30/09/2015 16:00:00,30.42
01/10/2015 16:00:00,30.56
02/10/2015 16:00:00,31.35
05/10/2015 16:00:00,32.07
06/10/2015 16:00:00,32.27
07/10/2015 16:00:00,32.12
08/10/2015 16:00:00,31.96
09/10/2015 16:00:00,32.18
12/10/2015 16:00:00,32.33
13/10/2015 16:00:00,32.62
14/10/2015 16:00:00,32.56
15/10/2015 16:00:00,33.09
16/10/2015 16:00:00,33.11
19/10/2015 16:00:00,33.31
20/10/2015 16:00:00,32.51
21/10/2015 16:00:00,32.13
22/10/2015 16:00:00,32.59
23/10/2015 16:00:00,35.1
26/10/2015 16:00:00,35.64
27/10/2015 16:00:00,35.42
28/10/2015 16:00:00,35.65
29/10/2015 16:00:00,35.85
30/10/2015 16:00:00,35.54
02/11/2015 16:00:00,36.06
03/11/2015 16:00:00,36.11
04/11/2015 16:00:00,36.41
05/11/2015 16:00:00,36.56
06/11/2015 16:00:00,36.69
09/11/2015 16:00:00,36.24
10/11/2015 16:00:00,36.42
11/11/2015 16:00:00,36.77
12/11/2015 16:00:00,36.56
13/11/2015 16:00:00,35.85
16/11/2015 16:00:00,36.45
17/11/2015 16:00:00,36.27
18/11/2015 16:00:00,37
19/11/2015 16:00:00,36.92
20/11/2015 16:00:00,37.83
23/11/2015 16:00:00,37.8
24/11/2015 16:00:00,37.41
25/11/2015 16:00:00,37.41
27/11/2015 16:00:00,37.51
30/11/2015 16:00:00,37.13
01/12/2015 16:00:00,38.35
02/12/2015 16:00:00,38.12
03/12/2015 16:00:00,37.63
04/12/2015 16:00:00,38.34
07/12/2015 16:00:00,38.16
08/12/2015 16:00:00,38.12
09/12/2015 16:00:00,37.58
10/12/2015 16:00:00,37.47
11/12/2015 16:00:00,36.94
14/12/2015 16:00:00,37.39
15/12/2015 16:00:00,37.17
16/12/2015 16:00:00,37.9
17/12/2015 16:00:00,37.47
18/12/2015 16:00:00,36.97
21/12/2015 16:00:00,37.39
22/12/2015 16:00:00,37.5
23/12/2015 16:00:00,37.52
24/12/2015 16:00:00,37.42
28/12/2015 16:00:00,38.13
29/12/2015 16:00:00,38.83
30/12/2015 16:00:00,38.55
31/12/2015 16:00:00,37.94
04/01/2016 16:00:00,37.09
05/01/2016 16:00:00,37.13
06/01/2016 16:00:00,37.18
07/01/2016 16:00:00,36.32
08/01/2016 16:00:00,35.72
11/01/2016 16:00:00,35.8
12/01/2016 16:00:00,36.3
13/01/2016 16:00:00,35.03
14/01/2016 16:00:00,35.74
15/01/2016 16:00:00,34.72
19/01/2016 16:00:00,35.09
20/01/2016 16:00:00,34.92
21/01/2016 16:00:00,35.33
22/01/2016 16:00:00,36.26
25/01/2016 16:00:00,35.58
26/01/2016 16:00:00,35.65
27/01/2016 16:00:00,35
28/01/2016 16:00:00,36.55
29/01/2016 16:00:00,37.15
01/02/2016 16:00:00,37.6
02/02/2016 16:00:00,38.23
03/02/2016 16:00:00,36.35
04/02/2016 16:00:00,35.4
05/02/2016 16:00:00,34.18
08/02/2016 16:00:00,34.14
09/02/2016 16:00:00,33.91
10/02/2016 16:00:00,34.21
11/02/2016 16:00:00,34.16
12/02/2016 16:00:00,34.12
16/02/2016 16:00:00,34.55
17/02/2016 16:00:00,35.42
18/02/2016 16:00:00,34.87
19/02/2016 16:00:00,35.05
22/02/2016 16:00:00,35.32
23/02/2016 16:00:00,34.79
24/02/2016 16:00:00,34.98
25/02/2016 16:00:00,35.29
26/02/2016 16:00:00,35.25
29/02/2016 16:00:00,34.89
01/03/2016 16:00:00,35.94
02/03/2016 16:00:00,35.94
03/03/2016 16:00:00,35.62
04/03/2016 16:00:00,35.54
07/03/2016 16:00:00,34.76
08/03/2016 16:00:00,34.7
09/03/2016 16:00:00,35.26
10/03/2016 16:00:00,35.64
11/03/2016 16:00:00,36.34
14/03/2016 16:00:00,36.52
15/03/2016 16:00:00,36.42
16/03/2016 16:00:00,36.8
17/03/2016 16:00:00,36.89
18/03/2016 16:00:00,36.88
21/03/2016 16:00:00,37.1
22/03/2016 16:00:00,37.04
23/03/2016 16:00:00,36.9
24/03/2016 16:00:00,36.77
28/03/2016 16:00:00,36.68
29/03/2016 16:00:00,37.24
30/03/2016 16:00:00,37.53
31/03/2016 16:00:00,37.25
01/04/2016 16:00:00,37.5
04/04/2016 16:00:00,37.26
05/04/2016 16:00:00,36.89
06/04/2016 16:00:00,37.28
07/04/2016 16:00:00,37.01
08/04/2016 16:00:00,36.96
11/04/2016 16:00:00,36.81
12/04/2016 16:00:00,37.15
13/04/2016 16:00:00,37.59
14/04/2016 16:00:00,37.66
15/04/2016 16:00:00,37.95
18/04/2016 16:00:00,38.33
19/04/2016 16:00:00,37.7
20/04/2016 16:00:00,37.63
21/04/2016 16:00:00,37.96
22/04/2016 16:00:00,35.94
25/04/2016 16:00:00,36.16
26/04/2016 16:00:00,35.41
27/04/2016 16:00:00,35.29
28/04/2016 16:00:00,34.55
29/04/2016 16:00:00,34.65
02/05/2016 16:00:00,34.91
03/05/2016 16:00:00,34.62
04/05/2016 16:00:00,34.78
05/05/2016 16:00:00,35.07
06/05/2016 16:00:00,35.56
09/05/2016 16:00:00,35.65
10/05/2016 16:00:00,36.16
11/05/2016 16:00:00,35.76
12/05/2016 16:00:00,35.67
13/05/2016 16:00:00,35.54
16/05/2016 16:00:00,35.82
17/05/2016 16:00:00,35.31
18/05/2016 16:00:00,35.33
19/05/2016 16:00:00,35.02
20/05/2016 16:00:00,35.49
23/05/2016 16:00:00,35.21
24/05/2016 16:00:00,36
25/05/2016 16:00:00,36.26
26/05/2016 16:00:00,36.21
27/05/2016 16:00:00,36.63
31/05/2016 16:00:00,36.79
01/06/2016 16:00:00,36.71
02/06/2016 16:00:00,36.52
03/06/2016 16:00:00,36.12
06/06/2016 16:00:00,35.83
07/06/2016 16:00:00,35.83
08/06/2016 16:00:00,36.41
09/06/2016 16:00:00,36.43
10/06/2016 16:00:00,35.97
13/06/2016 16:00:00,35.92
14/06/2016 16:00:00,35.91
15/06/2016 16:00:00,35.95
16/06/2016 16:00:00,35.52
17/06/2016 16:00:00,34.59
20/06/2016 16:00:00,34.69
21/06/2016 16:00:00,34.8
22/06/2016 16:00:00,34.87
23/06/2016 16:00:00,35.09
24/06/2016 16:00:00,33.76
27/06/2016 16:00:00,33.41
28/06/2016 16:00:00,34
29/06/2016 16:00:00,34.21
30/06/2016 16:00:00,34.6
01/07/2016 16:00:00,34.96
05/07/2016 16:00:00,34.72
06/07/2016 16:00:00,34.89
07/07/2016 16:00:00,34.77
08/07/2016 16:00:00,35.28
11/07/2016 16:00:00,35.75
12/07/2016 16:00:00,36.03
13/07/2016 16:00:00,35.85
14/07/2016 16:00:00,36.05
15/07/2016 16:00:00,35.99
18/07/2016 16:00:00,36.69
19/07/2016 16:00:00,36.85
20/07/2016 16:00:00,37.06
21/07/2016 16:00:00,36.93
22/07/2016 16:00:00,37.14
25/07/2016 16:00:00,36.99
26/07/2016 16:00:00,36.92
27/07/2016 16:00:00,37.09
28/07/2016 16:00:00,37.3
29/07/2016 16:00:00,38.44
01/08/2016 16:00:00,38.64
02/08/2016 16:00:00,38.55
03/08/2016 16:00:00,38.66
04/08/2016 16:00:00,38.58
05/08/2016 16:00:00,39.11
08/08/2016 16:00:00,39.09
09/08/2016 16:00:00,39.21
10/08/2016 16:00:00,39.23
11/08/2016 16:00:00,39.24
12/08/2016 16:00:00,39.16
15/08/2016 16:00:00,39.12
16/08/2016 16:00:00,38.86
17/08/2016 16:00:00,39
18/08/2016 16:00:00,38.88
19/08/2016 16:00:00,38.77
22/08/2016 16:00:00,38.61
23/08/2016 16:00:00,38.6
24/08/2016 16:00:00,38.48
25/08/2016 16:00:00,38.47
26/08/2016 16:00:00,38.48
29/08/2016 16:00:00,38.61
30/08/2016 16:00:00,38.45
31/08/2016 16:00:00,38.35
01/09/2016 16:00:00,38.44
02/09/2016 16:00:00,38.57
06/09/2016 16:00:00,39
07/09/2016 16:00:00,39.02
08/09/2016 16:00:00,38.77
09/09/2016 16:00:00,37.98
12/09/2016 16:00:00,38.45
13/09/2016 16:00:00,37.98
14/09/2016 16:00:00,38.12
15/09/2016 16:00:00,38.59
16/09/2016 16:00:00,38.44
19/09/2016 16:00:00,38.28
20/09/2016 16:00:00,38.57
21/09/2016 16:00:00,38.81
22/09/2016 16:00:00,39.36
23/09/2016 16:00:00,39.35
26/09/2016 16:00:00,38.71
27/09/2016 16:00:00,39.15
28/09/2016 16:00:00,39.08
29/09/2016 16:00:00,38.75
30/09/2016 16:00:00,38.86
03/10/2016 16:00:00,38.63
04/10/2016 16:00:00,38.82
05/10/2016 16:00:00,38.82
06/10/2016 16:00:00,38.84
07/10/2016 16:00:00,38.75
10/10/2016 16:00:00,39.3
11/10/2016 16:00:00,39.15
12/10/2016 16:00:00,39.31
13/10/2016 16:00:00,38.91
14/10/2016 16:00:00,38.93
17/10/2016 16:00:00,39
18/10/2016 16:00:00,39.76
19/10/2016 16:00:00,40.08
20/10/2016 16:00:00,39.85
21/10/2016 16:00:00,39.97
24/10/2016 16:00:00,40.66
25/10/2016 16:00:00,40.38
26/10/2016 16:00:00,39.95
27/10/2016 16:00:00,39.77
28/10/2016 16:00:00,39.77
31/10/2016 16:00:00,39.23
01/11/2016 16:00:00,39.18
02/11/2016 16:00:00,38.44
03/11/2016 16:00:00,38.11
04/11/2016 16:00:00,38.1
07/11/2016 16:00:00,39.13
08/11/2016 16:00:00,39.53
09/11/2016 16:00:00,39.27
10/11/2016 16:00:00,38.13
11/11/2016 16:00:00,37.7
14/11/2016 16:00:00,36.8
15/11/2016 16:00:00,37.92
16/11/2016 16:00:00,38.22
17/11/2016 16:00:00,38.56
18/11/2016 16:00:00,38.03
21/11/2016 16:00:00,38.46
22/11/2016 16:00:00,38.41
23/11/2016 16:00:00,38.05
25/11/2016 16:00:00,38.08
28/11/2016 16:00:00,38.41
29/11/2016 16:00:00,38.54
30/11/2016 16:00:00,37.9
01/12/2016 16:00:00,37.4
02/12/2016 16:00:00,37.53
05/12/2016 16:00:00,38.13
06/12/2016 16:00:00,37.96
07/12/2016 16:00:00,38.56
08/12/2016 16:00:00,38.82
09/12/2016 16:00:00,39.46
12/12/2016 16:00:00,39.46
13/12/2016 16:00:00,39.81
14/12/2016 16:00:00,39.85
15/12/2016 16:00:00,39.89
16/12/2016 16:00:00,39.54
19/12/2016 16:00:00,39.71
20/12/2016 16:00:00,39.82
21/12/2016 16:00:00,39.73
22/12/2016 16:00:00,39.56
23/12/2016 16:00:00,39.5
27/12/2016 16:00:00,39.58
28/12/2016 16:00:00,39.25
29/12/2016 16:00:00,39.14
30/12/2016 16:00:00,38.59
03/01/2017 16:00:00,39.31
04/01/2017 16:00:00,39.35
05/01/2017 16:00:00,39.7
06/01/2017 16:00:00,40.31
09/01/2017 16:00:00,40.33
10/01/2017 16:00:00,40.24
11/01/2017 16:00:00,40.4
12/01/2017 16:00:00,40.32
13/01/2017 16:00:00,40.39
17/01/2017 16:00:00,40.23
18/01/2017 16:00:00,40.3
19/01/2017 16:00:00,40.11
20/01/2017 16:00:00,40.25
23/01/2017 16:00:00,40.97
24/01/2017 16:00:00,41.19
25/01/2017 16:00:00,41.78
26/01/2017 16:00:00,41.61
27/01/2017 16:00:00,41.17
30/01/2017 16:00:00,40.12
31/01/2017 16:00:00,39.84
01/02/2017 16:00:00,39.78
02/02/2017 16:00:00,39.93
03/02/2017 16:00:00,40.07
06/02/2017 16:00:00,40.07
07/02/2017 16:00:00,40.35
08/02/2017 16:00:00,40.42
09/02/2017 16:00:00,40.48
10/02/2017 16:00:00,40.68
13/02/2017 16:00:00,40.96
14/02/2017 16:00:00,41.02
15/02/2017 16:00:00,40.95
16/02/2017 16:00:00,41.21
17/02/2017 16:00:00,41.4
21/02/2017 16:00:00,41.58
22/02/2017 16:00:00,41.54
23/02/2017 16:00:00,41.57
24/02/2017 16:00:00,41.43
27/02/2017 16:00:00,41.46
28/02/2017 16:00:00,41.16
01/03/2017 16:00:00,41.76
02/03/2017 16:00:00,41.53
03/03/2017 16:00:00,41.45
06/03/2017 16:00:00,41.39
07/03/2017 16:00:00,41.6
08/03/2017 16:00:00,41.77
09/03/2017 16:00:00,41.93
10/03/2017 16:00:00,42.16
13/03/2017 16:00:00,42.28
14/03/2017 16:00:00,42.28
15/03/2017 16:00:00,42.36
16/03/2017 16:00:00,42.44
17/03/2017 16:00:00,42.61
20/03/2017 16:00:00,42.42
21/03/2017 16:00:00,41.52
22/03/2017 16:00:00,41.48
23/03/2017 16:00:00,40.88
24/03/2017 16:00:00,40.72
27/03/2017 16:00:00,40.98
28/03/2017 16:00:00,41.05
29/03/2017 16:00:00,41.57
30/03/2017 16:00:00,41.58
31/03/2017 16:00:00,41.48
03/04/2017 16:00:00,41.93
04/04/2017 16:00:00,41.73
05/04/2017 16:00:00,41.57
06/04/2017 16:00:00,41.39
07/04/2017 16:00:00,41.23
10/04/2017 16:00:00,41.24
11/04/2017 16:00:00,41.17
12/04/2017 16:00:00,41.22
13/04/2017 16:00:00,41.18
17/04/2017 16:00:00,41.86
18/04/2017 16:00:00,41.84
19/04/2017 16:00:00,41.91
20/04/2017 16:00:00,42.08
21/04/2017 16:00:00,42.16
24/04/2017 16:00:00,43.14
25/04/2017 16:00:00,43.62
26/04/2017 16:00:00,43.59
27/04/2017 16:00:00,43.71
28/04/2017 16:00:00,45.3
01/05/2017 16:00:00,45.63
02/05/2017 16:00:00,45.82
03/05/2017 16:00:00,46.35
04/05/2017 16:00:00,46.58
05/05/2017 16:00:00,46.36
08/05/2017 16:00:00,46.72
09/05/2017 16:00:00,46.61
10/05/2017 16:00:00,46.44
11/05/2017 16:00:00,46.53
12/05/2017 16:00:00,46.61
15/05/2017 16:00:00,46.85
16/05/2017 16:00:00,47.15
17/05/2017 16:00:00,45.98
18/05/2017 16:00:00,46.51
19/05/2017 16:00:00,46.7
22/05/2017 16:00:00,47.09
23/05/2017 16:00:00,47.44
24/05/2017 16:00:00,47.75
25/05/2017 16:00:00,48.48
26/05/2017 16:00:00,48.57
30/05/2017 16:00:00,48.79
31/05/2017 16:00:00,48.24
01/06/2017 16:00:00,48.35
02/06/2017 16:00:00,48.78
05/06/2017 16:00:00,49.18
06/06/2017 16:00:00,48.83
07/06/2017 16:00:00,49.05
08/06/2017 16:00:00,49.17
09/06/2017 16:00:00,47.49
12/06/2017 16:00:00,47.15
13/06/2017 16:00:00,47.67
14/06/2017 16:00:00,47.54
15/06/2017 16:00:00,47.12
16/06/2017 16:00:00,46.99
19/06/2017 16:00:00,47.87
20/06/2017 16:00:00,47.53
21/06/2017 16:00:00,47.97
22/06/2017 16:00:00,47.85
23/06/2017 16:00:00,48.28
26/06/2017 16:00:00,47.61
27/06/2017 16:00:00,46.37
28/06/2017 16:00:00,47.02
29/06/2017 16:00:00,45.89
30/06/2017 16:00:00,45.44
03/07/2017 16:00:00,44.94
05/07/2017 16:00:00,45.59
06/07/2017 16:00:00,45.33
07/07/2017 16:00:00,45.93
10/07/2017 16:00:00,46.44
11/07/2017 16:00:00,46.5
12/07/2017 16:00:00,47.19
13/07/2017 16:00:00,47.36
14/07/2017 16:00:00,47.8
17/07/2017 16:00:00,47.67
18/07/2017 16:00:00,48.27
19/07/2017 16:00:00,48.54
20/07/2017 16:00:00,48.41
21/07/2017 16:00:00,48.65
24/07/2017 16:00:00,49.02
25/07/2017 16:00:00,47.54
26/07/2017 16:00:00,47.39
27/07/2017 16:00:00,46.7
28/07/2017 16:00:00,47.08
31/07/2017 16:00:00,46.53
01/08/2017 16:00:00,46.54
02/08/2017 16:00:00,46.52
03/08/2017 16:00:00,46.18
04/08/2017 16:00:00,46.4
07/08/2017 16:00:00,46.47
08/08/2017 16:00:00,46.34
09/08/2017 16:00:00,46.15
10/08/2017 16:00:00,45.36
11/08/2017 16:00:00,45.72
14/08/2017 16:00:00,46.13
15/08/2017 16:00:00,46.11
16/08/2017 16:00:00,46.35
17/08/2017 16:00:00,45.55
18/08/2017 16:00:00,45.53
21/08/2017 16:00:00,45.33
22/08/2017 16:00:00,46.23
23/08/2017 16:00:00,46.35
24/08/2017 16:00:00,46.06
25/08/2017 16:00:00,45.79
28/08/2017 16:00:00,45.69
29/08/2017 16:00:00,46.06
30/08/2017 16:00:00,46.48
31/08/2017 16:00:00,46.97
01/09/2017 16:00:00,46.87
05/09/2017 16:00:00,46.42
06/09/2017 16:00:00,46.39
07/09/2017 16:00:00,46.8
08/09/2017 16:00:00,46.33
11/09/2017 16:00:00,46.45
12/09/2017 16:00:00,46.6
13/09/2017 16:00:00,46.75
14/09/2017 16:00:00,46.26
15/09/2017 16:00:00,46.01
18/09/2017 16:00:00,45.75
19/09/2017 16:00:00,46.09
20/09/2017 16:00:00,46.58
21/09/2017 16:00:00,46.62
22/09/2017 16:00:00,46.43
25/09/2017 16:00:00,46.05
26/09/2017 16:00:00,46.24
27/09/2017 16:00:00,47.22
28/09/2017 16:00:00,47.48
29/09/2017 16:00:00,47.96
02/10/2017 16:00:00,47.66
03/10/2017 16:00:00,47.89
04/10/2017 16:00:00,47.58
05/10/2017 16:00:00,48.5
06/10/2017 16:00:00,48.94
09/10/2017 16:00:00,48.85
10/10/2017 16:00:00,48.63
11/10/2017 16:00:00,49.46
12/10/2017 16:00:00,49.39
13/10/2017 16:00:00,49.48
16/10/2017 16:00:00,49.6
17/10/2017 16:00:00,49.61
18/10/2017 16:00:00,49.64
19/10/2017 16:00:00,49.22
20/10/2017 16:00:00,49.41
23/10/2017 16:00:00,48.42
24/10/2017 16:00:00,48.53
25/10/2017 16:00:00,48.67
26/10/2017 16:00:00,48.63
27/10/2017 16:00:00,50.96
30/10/2017 16:00:00,50.86
31/10/2017 16:00:00,50.83
01/11/2017 16:00:00,51.28
02/11/2017 16:00:00,51.28
03/11/2017 16:00:00,51.62
06/11/2017 16:00:00,51.3
07/11/2017 16:00:00,51.67
08/11/2017 16:00:00,51.99
09/11/2017 16:00:00,51.56
10/11/2017 16:00:00,51.4
13/11/2017 16:00:00,51.29
14/11/2017 16:00:00,51.3
15/11/2017 16:00:00,51.05
16/11/2017 16:00:00,51.63
17/11/2017 16:00:00,50.95
20/11/2017 16:00:00,50.92
21/11/2017 16:00:00,51.72
22/11/2017 16:00:00,51.8
24/11/2017 13:00:00,52.03
27/11/2017 16:00:00,52.71
28/11/2017 16:00:00,52.37
29/11/2017 16:00:00,51.08
30/11/2017 16:00:00,51.07
01/12/2017 16:00:00,50.51
04/12/2017 16:00:00,49.93
05/12/2017 16:00:00,50.26
06/12/2017 16:00:00,50.92
07/12/2017 16:00:00,51.55
08/12/2017 16:00:00,51.85
11/12/2017 16:00:00,52.06
12/12/2017 16:00:00,52.02
13/12/2017 16:00:00,52.03
14/12/2017 16:00:00,52.46
15/12/2017 16:00:00,53.21
18/12/2017 16:00:00,53.86
19/12/2017 16:00:00,53.53
20/12/2017 16:00:00,53.25
21/12/2017 16:00:00,53.18
22/12/2017 16:00:00,53.01
26/12/2017 16:00:00,52.84
27/12/2017 16:00:00,52.47
28/12/2017 16:00:00,52.41
29/12/2017 16:00:00,52.32
02/01/2018 16:00:00,53.25
03/01/2018 16:00:00,54.12
04/01/2018 16:00:00,54.32
05/01/2018 16:00:00,55.11
08/01/2018 16:00:00,55.35
09/01/2018 16:00:00,55.31
10/01/2018 16:00:00,55.13
11/01/2018 16:00:00,55.28
12/01/2018 16:00:00,56.11
16/01/2018 16:00:00,56.09
17/01/2018 16:00:00,56.6
18/01/2018 16:00:00,56.49
19/01/2018 16:00:00,56.88
22/01/2018 16:00:00,57.79
23/01/2018 16:00:00,58.5
24/01/2018 16:00:00,58.21
25/01/2018 16:00:00,58.52
26/01/2018 16:00:00,58.79
29/01/2018 16:00:00,58.78
30/01/2018 16:00:00,58.18
31/01/2018 16:00:00,58.5
01/02/2018 16:00:00,58.39
02/02/2018 16:00:00,55.6
05/02/2018 16:00:00,52.79
06/02/2018 16:00:00,54.03
07/02/2018 16:00:00,52.43
08/02/2018 16:00:00,50.08
09/02/2018 16:00:00,51.89
12/02/2018 16:00:00,52.6
13/02/2018 16:00:00,52.61
14/02/2018 16:00:00,53.49
15/02/2018 16:00:00,54.48
16/02/2018 16:00:00,54.74
20/02/2018 16:00:00,55.12
21/02/2018 16:00:00,55.57
22/02/2018 16:00:00,55.33
23/02/2018 16:00:00,56.34
26/02/2018 16:00:00,57.19
27/02/2018 16:00:00,55.91
28/02/2018 16:00:00,55.24
01/03/2018 16:00:00,53.48
02/03/2018 16:00:00,53.95
05/03/2018 16:00:00,54.55
06/03/2018 16:00:00,54.75
07/03/2018 16:00:00,55.48
08/03/2018 16:00:00,56.3
09/03/2018 16:00:00,58
12/03/2018 16:00:00,58.23
13/03/2018 16:00:00,56.91
14/03/2018 16:00:00,57.47
15/03/2018 16:00:00,57.48
16/03/2018 16:00:00,56.79
19/03/2018 16:00:00,54.99
20/03/2018 16:00:00,54.89
21/03/2018 16:00:00,54.54
22/03/2018 16:00:00,52.45
23/03/2018 16:00:00,51.08
26/03/2018 16:00:00,52.66
27/03/2018 16:00:00,50.26
28/03/2018 16:00:00,50.23
29/03/2018 16:00:00,51.59
02/04/2018 16:00:00,50.32
03/04/2018 16:00:00,50.67
04/04/2018 16:00:00,51.26
05/04/2018 16:00:00,51.39
06/04/2018 16:00:00,50.35
09/04/2018 16:00:00,50.77
10/04/2018 16:00:00,51.58
11/04/2018 16:00:00,51
12/04/2018 16:00:00,51.63
13/04/2018 16:00:00,51.46
16/04/2018 16:00:00,51.9
17/04/2018 16:00:00,53.71
18/04/2018 16:00:00,53.6
19/04/2018 16:00:00,54.39
20/04/2018 16:00:00,53.65
23/04/2018 16:00:00,53.37
24/04/2018 16:00:00,51
25/04/2018 16:00:00,51.06
26/04/2018 16:00:00,52
27/04/2018 16:00:00,51.5
30/04/2018 16:00:00,50.87
01/05/2018 16:00:00,51.87
02/05/2018 16:00:00,51.22
03/05/2018 16:00:00,51.19
04/05/2018 16:00:00,52.41
07/05/2018 16:00:00,52.74
08/05/2018 16:00:00,52.7
09/05/2018 16:00:00,54.14
10/05/2018 16:00:00,54.88
11/05/2018 16:00:00,54.91
14/05/2018 16:00:00,55.01
15/05/2018 16:00:00,53.96
16/05/2018 16:00:00,54.09
17/05/2018 16:00:00,53.93
18/05/2018 16:00:00,53.32
21/05/2018 16:00:00,53.98
22/05/2018 16:00:00,53.49
23/05/2018 16:00:00,53.98
24/05/2018 16:00:00,53.96
25/05/2018 16:00:00,53.78
29/05/2018 16:00:00,53.02
30/05/2018 16:00:00,53.39
31/05/2018 16:00:00,54.25
01/06/2018 16:00:00,55.98
04/06/2018 16:00:00,56.96
05/06/2018 16:00:00,56.98
06/06/2018 16:00:00,56.84
07/06/2018 16:00:00,56.19
08/06/2018 16:00:00,56.04
11/06/2018 16:00:00,56.5
12/06/2018 16:00:00,56.97
13/06/2018 16:00:00,56.74
14/06/2018 16:00:00,57.61
15/06/2018 16:00:00,57.61
18/06/2018 16:00:00,58.67
19/06/2018 16:00:00,58.4
20/06/2018 16:00:00,58.49
21/06/2018 16:00:00,57.88
22/06/2018 16:00:00,57.77
25/06/2018 16:00:00,56.24
26/06/2018 16:00:00,55.92
27/06/2018 16:00:00,55.2
28/06/2018 16:00:00,55.71
29/06/2018 16:00:00,55.78
02/07/2018 16:00:00,56.37
03/07/2018 13:00:00,55.14
05/07/2018 16:00:00,56.21
06/07/2018 16:00:00,57.01
09/07/2018 16:00:00,57.7
10/07/2018 16:00:00,57.64
11/07/2018 16:00:00,57.7
12/07/2018 16:00:00,59.17
13/07/2018 16:00:00,59.44
16/07/2018 16:00:00,59.19
17/07/2018 16:00:00,59.94
18/07/2018 16:00:00,59.79
19/07/2018 16:00:00,59.35
20/07/2018 16:00:00,59.25
23/07/2018 16:00:00,60.28
24/07/2018 16:00:00,62.4
25/07/2018 16:00:00,63.19
26/07/2018 16:00:00,63.42
27/07/2018 16:00:00,61.93
30/07/2018 16:00:00,60.99
31/07/2018 16:00:00,60.86
01/08/2018 16:00:00,61
02/08/2018 16:00:00,61.31
03/08/2018 16:00:00,61.19
06/08/2018 16:00:00,61.24
07/08/2018 16:00:00,62.11
08/08/2018 16:00:00,62.28
09/08/2018 16:00:00,62.46
10/08/2018 16:00:00,61.88
13/08/2018 16:00:00,61.75
14/08/2018 16:00:00,62.11
15/08/2018 16:00:00,60.72
16/08/2018 16:00:00,60.32
17/08/2018 16:00:00,60.05
20/08/2018 16:00:00,60.39
21/08/2018 16:00:00,60.08
22/08/2018 16:00:00,60.37
23/08/2018 16:00:00,60.27
24/08/2018 16:00:00,61.03
27/08/2018 16:00:00,62.09
28/08/2018 16:00:00,61.56
29/08/2018 16:00:00,62.47
30/08/2018 16:00:00,61.96
31/08/2018 16:00:00,60.91
04/09/2018 16:00:00,59.85
05/09/2018 16:00:00,59.32
06/09/2018 16:00:00,58.57
07/09/2018 16:00:00,58.24
10/09/2018 16:00:00,58.23
11/09/2018 16:00:00,58.87
12/09/2018 16:00:00,58.14
13/09/2018 16:00:00,58.77
14/09/2018 16:00:00,58.63
17/09/2018 16:00:00,57.8
18/09/2018 16:00:00,58.06
19/09/2018 16:00:00,58.55
20/09/2018 16:00:00,59.34
21/09/2018 16:00:00,58.3
24/09/2018 16:00:00,58.67
25/09/2018 16:00:00,59.23
26/09/2018 16:00:00,59.02
27/09/2018 16:00:00,59.73
28/09/2018 16:00:00,59.67
01/10/2018 16:00:00,59.77
02/10/2018 16:00:00,60.01
03/10/2018 16:00:00,60.15
04/10/2018 16:00:00,58.41
05/10/2018 16:00:00,57.87
08/10/2018 16:00:00,57.45
09/10/2018 16:00:00,56.94
10/10/2018 16:00:00,54.06
11/10/2018 16:00:00,53.97
12/10/2018 16:00:00,55.5
15/10/2018 16:00:00,54.61
16/10/2018 16:00:00,56.06
17/10/2018 16:00:00,55.78
18/10/2018 16:00:00,54.4
19/10/2018 16:00:00,54.82
22/10/2018 16:00:00,55.06
23/10/2018 16:00:00,55.18
24/10/2018 16:00:00,52.54
25/10/2018 16:00:00,54.78
26/10/2018 16:00:00,53.57
29/10/2018 16:00:00,51
30/10/2018 16:00:00,51.81
31/10/2018 16:00:00,53.84
01/11/2018 16:00:00,53.5
02/11/2018 16:00:00,52.89
05/11/2018 16:00:00,52
06/11/2018 16:00:00,52.79
07/11/2018 16:00:00,54.67
08/11/2018 16:00:00,54.12
09/11/2018 16:00:00,53.31
12/11/2018 16:00:00,51.93
13/11/2018 16:00:00,51.8
14/11/2018 16:00:00,52.18
15/11/2018 16:00:00,53.24
16/11/2018 16:00:00,53.07
19/11/2018 16:00:00,51
20/11/2018 16:00:00,51.29
21/11/2018 16:00:00,51.88
23/11/2018 13:00:00,51.19
26/11/2018 16:00:00,52.43
27/11/2018 16:00:00,52.22
28/11/2018 16:00:00,54.31
29/11/2018 16:00:00,54.42
30/11/2018 16:00:00,54.72
03/12/2018 16:00:00,55.32
04/12/2018 16:00:00,52.54
06/12/2018 16:00:00,53.44
07/12/2018 16:00:00,51.83
10/12/2018 16:00:00,51.98
11/12/2018 16:00:00,52.59
12/12/2018 16:00:00,53.18
13/12/2018 16:00:00,53.1
14/12/2018 16:00:00,52.11
17/12/2018 16:00:00,50.83
18/12/2018 16:00:00,51.44
19/12/2018 16:00:00,51.15
20/12/2018 16:00:00,50.47
21/12/2018 16:00:00,48.98
24/12/2018 13:00:00,48.81
26/12/2018 16:00:00,51.97
27/12/2018 16:00:00,52.19
28/12/2018 16:00:00,51.85
31/12/2018 16:00:00,51.78
02/01/2019 16:00:00,52.29
03/01/2019 16:00:00,50.8
04/01/2019 16:00:00,53.54
07/01/2019 16:00:00,53.42
08/01/2019 16:00:00,53.81
09/01/2019 16:00:00,53.73
10/01/2019 16:00:00,53.52
11/01/2019 16:00:00,52.86
14/01/2019 16:00:00,52.23
15/01/2019 16:00:00,53.86
16/01/2019 16:00:00,54.05
17/01/2019 16:00:00,54.5
18/01/2019 16:00:00,54.91
22/01/2019 16:00:00,53.53
23/01/2019 16:00:00,53.78
24/01/2019 16:00:00,53.7
25/01/2019 16:00:00,54.55
28/01/2019 16:00:00,53.5
29/01/2019 16:00:00,53.03
30/01/2019 16:00:00,54.45
31/01/2019 16:00:00,55.82
01/02/2019 16:00:00,55.54
04/02/2019 16:00:00,56.64
05/02/2019 16:00:00,57.3
06/02/2019 16:00:00,55.76
07/02/2019 16:00:00,54.94
08/02/2019 16:00:00,54.75
11/02/2019 16:00:00,54.75
12/02/2019 16:00:00,56.07
13/02/2019 16:00:00,56.01
14/02/2019 16:00:00,56.08
15/02/2019 16:00:00,55.68
19/02/2019 16:00:00,55.93
20/02/2019 16:00:00,55.69
21/02/2019 16:00:00,54.85
22/02/2019 16:00:00,55.52
25/02/2019 16:00:00,55.47
26/02/2019 16:00:00,55.76
27/02/2019 16:00:00,55.8
28/02/2019 16:00:00,56
01/03/2019 16:00:00,57.05
04/03/2019 16:00:00,57.39
05/03/2019 16:00:00,58.1
06/03/2019 16:00:00,57.89
07/03/2019 16:00:00,57.17
08/03/2019 16:00:00,57.12
11/03/2019 16:00:00,58.79
12/03/2019 16:00:00,59.66
13/03/2019 16:00:00,59.67
14/03/2019 16:00:00,59.28
15/03/2019 16:00:00,59.22
18/03/2019 16:00:00,59.21
19/03/2019 16:00:00,59.94
20/03/2019 16:00:00,61.2
21/03/2019 16:00:00,61.58
22/03/2019 16:00:00,60.28
25/03/2019 16:00:00,59.65
26/03/2019 16:00:00,59.23
27/03/2019 16:00:00,58.65
28/03/2019 16:00:00,58.42
29/03/2019 16:00:00,58.67
01/04/2019 16:00:00,59.72
02/04/2019 16:00:00,60.02
03/04/2019 16:00:00,60.3
04/04/2019 16:00:00,60.75
05/04/2019 16:00:00,60.36
08/04/2019 16:00:00,60.19
09/04/2019 16:00:00,59.86
10/04/2019 16:00:00,60.11
11/04/2019 16:00:00,60.23
12/04/2019 16:00:00,60.89
15/04/2019 16:00:00,61.06
16/04/2019 16:00:00,61.36
17/04/2019 16:00:00,61.82
18/04/2019 16:00:00,61.82
22/04/2019 16:00:00,62.44
23/04/2019 16:00:00,63.23
24/04/2019 16:00:00,62.8
25/04/2019 16:00:00,63.17
26/04/2019 16:00:00,63.61
29/04/2019 16:00:00,64.38
30/04/2019 16:00:00,59.42
01/05/2019 16:00:00,58.4
02/05/2019 16:00:00,58.13
03/05/2019 16:00:00,59.27
06/05/2019 16:00:00,59.47
07/05/2019 16:00:00,58.71
08/05/2019 16:00:00,58.31
09/05/2019 16:00:00,58.12
10/05/2019 16:00:00,58.21
13/05/2019 16:00:00,56.6
14/05/2019 16:00:00,56.02
15/05/2019 16:00:00,58.21
16/05/2019 16:00:00,58.95
17/05/2019 16:00:00,58.12
20/05/2019 16:00:00,56.94
21/05/2019 16:00:00,57.48
22/05/2019 16:00:00,57.57
23/05/2019 16:00:00,57.04
24/05/2019 16:00:00,56.67
28/05/2019 16:00:00,56.71
29/05/2019 16:00:00,55.82
30/05/2019 16:00:00,55.9
31/05/2019 16:00:00,55.18
03/06/2019 16:00:00,51.81
04/06/2019 16:00:00,52.65
05/06/2019 16:00:00,52.11
06/06/2019 16:00:00,52.22
07/06/2019 16:00:00,53.3
10/06/2019 16:00:00,54.02
11/06/2019 16:00:00,53.94
12/06/2019 16:00:00,53.85
13/06/2019 16:00:00,54.44
14/06/2019 16:00:00,54.27
17/06/2019 16:00:00,54.63
18/06/2019 16:00:00,55.18
19/06/2019 16:00:00,55.12
20/06/2019 16:00:00,55.57
21/06/2019 16:00:00,56.09
24/06/2019 16:00:00,55.78
25/06/2019 16:00:00,54.32
26/06/2019 16:00:00,53.99
27/06/2019 16:00:00,53.8
28/06/2019 16:00:00,54.05
01/07/2019 16:00:00,54.9
02/07/2019 16:00:00,55.56
03/07/2019 13:00:00,56.08
05/07/2019 16:00:00,56.58
08/07/2019 16:00:00,55.82
09/07/2019 16:00:00,56.24
10/07/2019 16:00:00,57.02
11/07/2019 16:00:00,57.21
12/07/2019 16:00:00,57.25
15/07/2019 16:00:00,57.52
16/07/2019 16:00:00,57.68
17/07/2019 16:00:00,57.32
18/07/2019 16:00:00,57.32
19/07/2019 16:00:00,56.51
22/07/2019 16:00:00,56.9
23/07/2019 16:00:00,57.31
24/07/2019 16:00:00,56.89
25/07/2019 16:00:00,56.61
26/07/2019 16:00:00,62.52
29/07/2019 16:00:00,61.97
30/07/2019 16:00:00,61.26
31/07/2019 16:00:00,60.83
01/08/2019 16:00:00,60.45
02/08/2019 16:00:00,59.7
05/08/2019 16:00:00,57.62
06/08/2019 16:00:00,58.5
07/08/2019 16:00:00,58.7
08/08/2019 16:00:00,60.24
09/08/2019 16:00:00,59.4
12/08/2019 16:00:00,58.74
13/08/2019 16:00:00,59.86
14/08/2019 16:00:00,58.21
15/08/2019 16:00:00,58.36
16/08/2019 16:00:00,58.88
19/08/2019 16:00:00,59.92
20/08/2019 16:00:00,59.13
21/08/2019 16:00:00,59.56
22/08/2019 16:00:00,59.48
23/08/2019 16:00:00,57.56
26/08/2019 16:00:00,58.44
27/08/2019 16:00:00,58.39
28/08/2019 16:00:00,58.55
29/08/2019 16:00:00,59.64
30/08/2019 16:00:00,59.41
03/09/2019 16:00:00,58.42
04/09/2019 16:00:00,59.07
05/09/2019 16:00:00,60.57
06/09/2019 16:00:00,60.25
09/09/2019 16:00:00,60.22
10/09/2019 16:00:00,60.3
11/09/2019 16:00:00,61.01
12/09/2019 16:00:00,61.71
13/09/2019 16:00:00,61.98
16/09/2019 16:00:00,61.57
17/09/2019 16:00:00,61.46
18/09/2019 16:00:00,61.62
19/09/2019 16:00:00,61.94
20/09/2019 16:00:00,61.5
23/09/2019 16:00:00,61.7
24/09/2019 16:00:00,60.94
25/09/2019 16:00:00,62.33
26/09/2019 16:00:00,62.07
27/09/2019 16:00:00,61.25
30/09/2019 16:00:00,60.95
01/10/2019 16:00:00,60.26
02/10/2019 16:00:00,58.83
03/10/2019 16:00:00,59.39
04/10/2019 16:00:00,60.45
07/10/2019 16:00:00,60.38
08/10/2019 16:00:00,59.46
09/10/2019 16:00:00,60.12
10/10/2019 16:00:00,60.43
11/10/2019 16:00:00,60.77
14/10/2019 16:00:00,60.86
15/10/2019 16:00:00,62.15
16/10/2019 16:00:00,62.18
17/10/2019 16:00:00,62.65
18/10/2019 16:00:00,62.27
21/10/2019 16:00:00,62.31
22/10/2019 16:00:00,62.14
23/10/2019 16:00:00,62.96
24/10/2019 16:00:00,63.05
25/10/2019 16:00:00,63.26
28/10/2019 16:00:00,64.5
29/10/2019 16:00:00,63.13
30/10/2019 16:00:00,63.06
31/10/2019 16:00:00,63.01
01/11/2019 16:00:00,63.69
04/11/2019 16:00:00,64.57
05/11/2019 16:00:00,64.6
06/11/2019 16:00:00,64.59
07/11/2019 16:00:00,65.44
08/11/2019 16:00:00,65.57
11/11/2019 16:00:00,64.96
12/11/2019 16:00:00,64.94
13/11/2019 16:00:00,64.9
14/11/2019 16:00:00,65.57
15/11/2019 16:00:00,66.74
18/11/2019 16:00:00,66.04
19/11/2019 16:00:00,65.77
20/11/2019 16:00:00,65.15
21/11/2019 16:00:00,65.07
22/11/2019 16:00:00,64.77
25/11/2019 16:00:00,65.33
26/11/2019 16:00:00,65.68
27/11/2019 16:00:00,65.65
29/11/2019 13:00:00,65.25
02/12/2019 16:00:00,64.5
03/12/2019 16:00:00,64.76
04/12/2019 16:00:00,66.03
05/12/2019 16:00:00,66.41
06/12/2019 16:00:00,67.03
09/12/2019 16:00:00,67.18
10/12/2019 16:00:00,67.23
11/12/2019 16:00:00,67.25
12/12/2019 16:00:00,67.51
13/12/2019 16:00:00,67.39
16/12/2019 16:00:00,68.06
17/12/2019 16:00:00,67.76
18/12/2019 16:00:00,67.63
19/12/2019 16:00:00,67.8
20/12/2019 16:00:00,67.48
23/12/2019 16:00:00,67.44
24/12/2019 13:00:00,67.18
26/12/2019 16:00:00,68.02
27/12/2019 16:00:00,67.59
30/12/2019 16:00:00,66.81
31/12/2019 16:00:00,66.85
02/01/2020 16:00:00,68.37
03/01/2020 16:00:00,68.03
06/01/2020 16:00:00,69.71
07/01/2020 16:00:00,69.67
08/01/2020 16:00:00,70.22
09/01/2020 16:00:00,70.99
10/01/2020 16:00:00,71.49
13/01/2020 16:00:00,71.96
14/01/2020 16:00:00,71.54
15/01/2020 16:00:00,71.96
16/01/2020 16:00:00,72.58
17/01/2020 16:00:00,74.02
21/01/2020 16:00:00,74.22
22/01/2020 16:00:00,74.3
23/01/2020 16:00:00,74.33
24/01/2020 16:00:00,73.34
27/01/2020 16:00:00,71.69
28/01/2020 16:00:00,72.63
29/01/2020 16:00:00,72.93
30/01/2020 16:00:00,72.79
31/01/2020 16:00:00,71.71
03/02/2020 16:00:00,74.3
04/02/2020 16:00:00,72.35
05/02/2020 16:00:00,72.41
06/02/2020 16:00:00,73.81
07/02/2020 16:00:00,73.96
10/02/2020 16:00:00,75.43
11/02/2020 16:00:00,75.44
12/02/2020 16:00:00,75.91
13/02/2020 16:00:00,75.73
14/02/2020 16:00:00,76.04
18/02/2020 16:00:00,75.98
19/02/2020 16:00:00,76.33
20/02/2020 16:00:00,75.91
21/02/2020 16:00:00,74.26
24/02/2020 16:00:00,71.08
25/02/2020 16:00:00,69.42
26/02/2020 16:00:00,69.66
27/02/2020 16:00:00,65.9
28/02/2020 16:00:00,66.97
02/03/2020 16:00:00,69.46
03/03/2020 16:00:00,67.07
04/03/2020 16:00:00,69.33
05/03/2020 16:00:00,65.95
06/03/2020 16:00:00,64.92
09/03/2020 16:00:00,60.78
10/03/2020 16:00:00,64.02
11/03/2020 16:00:00,60.77
12/03/2020 16:00:00,55.75
13/03/2020 16:00:00,60.99
16/03/2020 16:00:00,54.22
17/03/2020 16:00:00,55.99
18/03/2020 16:00:00,54.84
19/03/2020 16:00:00,55.76
20/03/2020 16:00:00,53.62
23/03/2020 16:00:00,52.83
24/03/2020 16:00:00,56.72
25/03/2020 16:00:00,55.12
26/03/2020 16:00:00,58.09
27/03/2020 16:00:00,55.54
30/03/2020 16:00:00,57.34
31/03/2020 16:00:00,58.14
01/04/2020 16:00:00,55.28
02/04/2020 16:00:00,56.04
03/04/2020 16:00:00,54.89
06/04/2020 16:00:00,59.35
07/04/2020 16:00:00,59.33
08/04/2020 16:00:00,60.51
09/04/2020 16:00:00,60.57
13/04/2020 16:00:00,60.88
14/04/2020 16:00:00,63.46
15/04/2020 16:00:00,63.12
16/04/2020 16:00:00,63.17
17/04/2020 16:00:00,64.16
20/04/2020 16:00:00,63.33
21/04/2020 16:00:00,60.82
22/04/2020 16:00:00,63.16
23/04/2020 16:00:00,63.82
24/04/2020 16:00:00,63.97
27/04/2020 16:00:00,63.79
28/04/2020 16:00:00,61.68
29/04/2020 16:00:00,67.07
30/04/2020 16:00:00,67.43
01/05/2020 16:00:00,66.03
04/05/2020 16:00:00,66.34
05/05/2020 16:00:00,67.56
06/05/2020 16:00:00,67.36
07/05/2020 16:00:00,68.63
08/05/2020 16:00:00,69.42
11/05/2020 16:00:00,70.16
12/05/2020 16:00:00,68.79
13/05/2020 16:00:00,67.47
14/05/2020 16:00:00,67.81
15/05/2020 16:00:00,68.66
18/05/2020 16:00:00,69.2
19/05/2020 16:00:00,68.67
20/05/2020 16:00:00,70.34
21/05/2020 16:00:00,70.14
22/05/2020 16:00:00,70.52
26/05/2020 16:00:00,70.85
27/05/2020 16:00:00,70.89
28/05/2020 16:00:00,70.84
29/05/2020 16:00:00,71.45
01/06/2020 16:00:00,71.59
02/06/2020 16:00:00,71.96
03/06/2020 16:00:00,71.82
04/06/2020 16:00:00,70.61
05/06/2020 16:00:00,71.92
08/06/2020 16:00:00,72.33
09/06/2020 16:00:00,72.81
10/06/2020 16:00:00,73.29
11/06/2020 16:00:00,70.19
12/06/2020 16:00:00,70.66
15/06/2020 16:00:00,70.99
16/06/2020 16:00:00,72.14
17/06/2020 16:00:00,72.56
18/06/2020 16:00:00,71.8
19/06/2020 16:00:00,71.59
22/06/2020 16:00:00,72.59
23/06/2020 16:00:00,73.22
24/06/2020 16:00:00,71.6
25/06/2020 16:00:00,72.07
26/06/2020 16:00:00,68
29/06/2020 16:00:00,69.75
30/06/2020 16:00:00,70.68
01/07/2020 16:00:00,71.9
02/07/2020 16:00:00,73.24
06/07/2020 16:00:00,74.79
07/07/2020 16:00:00,74.26
08/07/2020 16:00:00,74.8
09/07/2020 16:00:00,75.55
10/07/2020 16:00:00,77.09
13/07/2020 16:00:00,75.57
14/07/2020 16:00:00,76.03
15/07/2020 16:00:00,75.68
16/07/2020 16:00:00,75.9
17/07/2020 16:00:00,75.78
20/07/2020 16:00:00,78.29
21/07/2020 16:00:00,77.92
22/07/2020 16:00:00,78.42
23/07/2020 16:00:00,75.78
24/07/2020 16:00:00,75.59
27/07/2020 16:00:00,76.51
28/07/2020 16:00:00,75.02
29/07/2020 16:00:00,76.1
30/07/2020 16:00:00,76.57
31/07/2020 16:00:00,74.15
03/08/2020 16:00:00,73.72
04/08/2020 16:00:00,73.25
05/08/2020 16:00:00,73.68
06/08/2020 16:00:00,75.01
07/08/2020 16:00:00,74.72
10/08/2020 16:00:00,74.81
11/08/2020 16:00:00,74.02
12/08/2020 16:00:00,75.33
13/08/2020 16:00:00,75.92
14/08/2020 16:00:00,75.39
17/08/2020 16:00:00,75.9
18/08/2020 16:00:00,77.93
19/08/2020 16:00:00,77.38
20/08/2020 16:00:00,79.09
21/08/2020 16:00:00,79.02
24/08/2020 16:00:00,79.41
25/08/2020 16:00:00,80.41
26/08/2020 16:00:00,82.62
27/08/2020 16:00:00,81.72
28/08/2020 16:00:00,82.22
31/08/2020 16:00:00,81.71
01/09/2020 16:00:00,83.04
02/09/2020 16:00:00,86.41
03/09/2020 16:00:00,82.09
04/09/2020 16:00:00,79.55
08/09/2020 16:00:00,76.62
09/09/2020 16:00:00,77.85
10/09/2020 16:00:00,76.6
11/09/2020 16:00:00,76.04
14/09/2020 16:00:00,75.96
15/09/2020 16:00:00,77.07
16/09/2020 16:00:00,76.05
17/09/2020 16:00:00,74.78
18/09/2020 16:00:00,73
21/09/2020 16:00:00,71.56
22/09/2020 16:00:00,73.27
23/09/2020 16:00:00,70.76
24/09/2020 16:00:00,71.41
25/09/2020 16:00:00,72.25
28/09/2020 16:00:00,73.23
29/09/2020 16:00:00,73.47
30/09/2020 16:00:00,73.48
01/10/2020 16:00:00,74.5
02/10/2020 16:00:00,72.92
05/10/2020 16:00:00,74.3
06/10/2020 16:00:00,72.67
07/10/2020 16:00:00,73.01
08/10/2020 16:00:00,74.3
09/10/2020 16:00:00,75.76
12/10/2020 16:00:00,78.46
13/10/2020 16:00:00,78.58
14/10/2020 16:00:00,78.4
15/10/2020 16:00:00,77.96
16/10/2020 16:00:00,78.65
19/10/2020 16:00:00,76.73
20/10/2020 16:00:00,77.8
21/10/2020 16:00:00,79.67
22/10/2020 16:00:00,80.77
23/10/2020 16:00:00,82.05
26/10/2020 16:00:00,79.52
27/10/2020 16:00:00,80.21
28/10/2020 16:00:00,75.83
29/10/2020 16:00:00,78.36
30/10/2020 16:00:00,81.05
02/11/2020 16:00:00,81.3
03/11/2020 16:00:00,82.51
04/11/2020 16:00:00,87.46
05/11/2020 16:00:00,88.17
06/11/2020 16:00:00,88.09
09/11/2020 16:00:00,88.15
10/11/2020 16:00:00,87.02
11/11/2020 16:00:00,87.64
12/11/2020 16:00:00,87.49
13/11/2020 16:00:00,88.85
16/11/2020 16:00:00,89.07
17/11/2020 16:00:00,88.51
18/11/2020 16:00:00,87.34
19/11/2020 16:00:00,88.2
20/11/2020 16:00:00,87.11
23/11/2020 16:00:00,86.74
24/11/2020 16:00:00,88.44
25/11/2020 16:00:00,88.57
27/11/2020 13:00:00,89.66
30/11/2020 16:00:00,88.04
01/12/2020 16:00:00,89.91
02/12/2020 16:00:00,91.4
03/12/2020 16:00:00,91.34
04/12/2020 16:00:00,91.4
07/12/2020 16:00:00,90.97
08/12/2020 16:00:00,90.93
09/12/2020 16:00:00,89.21
10/12/2020 16:00:00,88.77
11/12/2020 16:00:00,89.09
14/12/2020 16:00:00,88
15/12/2020 16:00:00,88.39
16/12/2020 16:00:00,88.15
17/12/2020 16:00:00,87.4
18/12/2020 16:00:00,86.55
21/12/2020 16:00:00,86.97
22/12/2020 16:00:00,86.18
23/12/2020 16:00:00,86.62
24/12/2020 13:00:00,86.94
28/12/2020 16:00:00,88.8
29/12/2020 16:00:00,87.94
30/12/2020 16:00:00,86.98
31/12/2020 16:00:00,87.59
04/01/2021 16:00:00,86.41
05/01/2021 16:00:00,87.05
06/01/2021 16:00:00,86.76
07/01/2021 16:00:00,89.36
08/01/2021 16:00:00,90.36
11/01/2021 16:00:00,88.34
12/01/2021 16:00:00,87.33
13/01/2021 16:00:00,87.72
14/01/2021 16:00:00,87.01
15/01/2021 16:00:00,86.81
19/01/2021 16:00:00,89.54
20/01/2021 16:00:00,94.35
21/01/2021 16:00:00,94.56
22/01/2021 16:00:00,95.05
25/01/2021 16:00:00,94.97
26/01/2021 16:00:00,95.86
27/01/2021 16:00:00,91.54
28/01/2021 16:00:00,93.16
29/01/2021 16:00:00,91.79
01/02/2021 16:00:00,95.07
02/02/2021 16:00:00,96.38
03/02/2021 16:00:00,103.5
04/02/2021 16:00:00,103.12
05/02/2021 16:00:00,104.9
08/02/2021 16:00:00,104.65
09/02/2021 16:00:00,104.18
10/02/2021 16:00:00,104.77
11/02/2021 16:00:00,104.79
12/02/2021 16:00:00,105.21
16/02/2021 16:00:00,106.1
17/02/2021 16:00:00,106.42
18/02/2021 16:00:00,105.86
19/02/2021 16:00:00,105.06
22/02/2021 16:00:00,103.24
23/02/2021 16:00:00,103.54
24/02/2021 16:00:00,104.76
25/02/2021 16:00:00,101.57
26/02/2021 16:00:00,101.84
01/03/2021 16:00:00,104.08
02/03/2021 16:00:00,103.79
03/03/2021 16:00:00,101.34
04/03/2021 16:00:00,102.45
05/03/2021 16:00:00,105.43
08/03/2021 16:00:00,101.21
09/03/2021 16:00:00,102.64
10/03/2021 16:00:00,102.75
11/03/2021 16:00:00,105.74
12/03/2021 16:00:00,103.1
15/03/2021 16:00:00,103.32
16/03/2021 16:00:00,104.63
17/03/2021 16:00:00,104.55
18/03/2021 16:00:00,101.81
19/03/2021 16:00:00,102.16
22/03/2021 16:00:00,101.93
23/03/2021 16:00:00,102.65
24/03/2021 16:00:00,102.25
25/03/2021 16:00:00,102.22
26/03/2021 16:00:00,101.78
29/03/2021 16:00:00,102.8
30/03/2021 16:00:00,102.78
31/03/2021 16:00:00,103.43
01/04/2021 16:00:00,106.89
05/04/2021 16:00:00,111.28
06/04/2021 16:00:00,111.24
07/04/2021 16:00:00,112.48
08/04/2021 16:00:00,113.27
09/04/2021 16:00:00,114.29
12/04/2021 16:00:00,112.74
13/04/2021 16:00:00,113.36
14/04/2021 16:00:00,112.74
15/04/2021 16:00:00,114.83
16/04/2021 16:00:00,114.89
19/04/2021 16:00:00,115.12
20/04/2021 16:00:00,114.68
21/04/2021 16:00:00,114.66
22/04/2021 16:00:00,113.4
23/04/2021 16:00:00,115.77
26/04/2021 16:00:00,116.34
27/04/2021 16:00:00,115.36
28/04/2021 16:00:00,119
29/04/2021 16:00:00,121.49
30/04/2021 16:00:00,120.51
03/05/2021 16:00:00,119.76
04/05/2021 16:00:00,117.71
05/05/2021 16:00:00,117.84
06/05/2021 16:00:00,119.07
07/05/2021 16:00:00,119.93
10/05/2021 16:00:00,117.08
11/05/2021 16:00:00,115.44
12/05/2021 16:00:00,111.95
13/05/2021 16:00:00,113.1
14/05/2021 16:00:00,115.81
17/05/2021 16:00:00,116.07
18/05/2021 16:00:00,115.17
19/05/2021 16:00:00,115.44
20/05/2021 16:00:00,117.8
21/05/2021 16:00:00,117.26
24/05/2021 16:00:00,120.33
25/05/2021 16:00:00,120.45
26/05/2021 16:00:00,121.68
27/05/2021 16:00:00,120.13
28/05/2021 16:00:00,120.58
01/06/2021 16:00:00,121.49
02/06/2021 16:00:00,121.06
03/06/2021 16:00:00,120.23
04/06/2021 16:00:00,122.59
07/06/2021 16:00:00,123.3
08/06/2021 16:00:00,124.14
09/06/2021 16:00:00,124.57
10/06/2021 16:00:00,126.08
11/06/2021 16:00:00,125.7
14/06/2021 16:00:00,126.35
15/06/2021 16:00:00,126.03
16/06/2021 16:00:00,125.7
17/06/2021 16:00:00,126.37
18/06/2021 16:00:00,125.57
21/06/2021 16:00:00,126.46
22/06/2021 16:00:00,127
23/06/2021 16:00:00,126.46
24/06/2021 16:00:00,127.28
25/06/2021 16:00:00,127
28/06/2021 16:00:00,126.82
29/06/2021 16:00:00,126.02
30/06/2021 16:00:00,125.32
01/07/2021 16:00:00,126.37
02/07/2021 16:00:00,128.72
06/07/2021 16:00:00,129.77
07/07/2021 16:00:00,130.08
08/07/2021 16:00:00,129.18
09/07/2021 16:00:00,129.57
12/07/2021 16:00:00,130.56
13/07/2021 16:00:00,130.99
14/07/2021 16:00:00,132.08
15/07/2021 16:00:00,131.27
16/07/2021 16:00:00,131.85
19/07/2021 16:00:00,129.25
20/07/2021 16:00:00,131.1
21/07/2021 16:00:00,132.6
22/07/2021 16:00:00,133.33
23/07/2021 16:00:00,137.82
26/07/2021 16:00:00,139.64
27/07/2021 16:00:00,136.8
28/07/2021 16:00:00,136.38
29/07/2021 16:00:00,136.54
30/07/2021 16:00:00,135.22
02/08/2021 16:00:00,135.99
03/08/2021 16:00:00,136.28
04/08/2021 16:00:00,136.03
05/08/2021 16:00:00,136.94
06/08/2021 16:00:00,137.04
09/08/2021 16:00:00,138
10/08/2021 16:00:00,138.1
11/08/2021 16:00:00,137.69
12/08/2021 16:00:00,138.39
13/08/2021 16:00:00,138.41
16/08/2021 16:00:00,138.92
17/08/2021 16:00:00,137.3
18/08/2021 16:00:00,136.57
19/08/2021 16:00:00,136.91
20/08/2021 16:00:00,138.44
23/08/2021 16:00:00,141.1
24/08/2021 16:00:00,142.4
25/08/2021 16:00:00,142.95
26/08/2021 16:00:00,142.12
27/08/2021 16:00:00,144.55
30/08/2021 16:00:00,145.47
31/08/2021 16:00:00,145.46
01/09/2021 16:00:00,145.84
02/09/2021 16:00:00,144.22
03/09/2021 16:00:00,144.78
07/09/2021 16:00:00,145.52
08/09/2021 16:00:00,144.88
09/09/2021 16:00:00,144.91
10/09/2021 16:00:00,141.92
13/09/2021 16:00:00,143.47
14/09/2021 16:00:00,143.41
15/09/2021 16:00:00,145.21
16/09/2021 16:00:00,144.37
17/09/2021 16:00:00,141.46
20/09/2021 16:00:00,139.02
21/09/2021 16:00:00,139.65
22/09/2021 16:00:00,140.94
23/09/2021 16:00:00,141.83
24/09/2021 16:00:00,142.63
27/09/2021 16:00:00,141.5
28/09/2021 16:00:00,136.18
29/09/2021 16:00:00,134.52
30/09/2021 16:00:00,133.27
01/10/2021 16:00:00,136.46
04/10/2021 16:00:00,133.76
05/10/2021 16:00:00,136.18
06/10/2021 16:00:00,137.35
07/10/2021 16:00:00,139.19
08/10/2021 16:00:00,140.06
11/10/2021 16:00:00,138.85
12/10/2021 16:00:00,136.71
13/10/2021 16:00:00,137.9
14/10/2021 16:00:00,141.41
15/10/2021 16:00:00,141.68
18/10/2021 16:00:00,142.96
19/10/2021 16:00:00,143.82
20/10/2021 16:00:00,142.42
21/10/2021 16:00:00,142.78
22/10/2021 16:00:00,138.63
25/10/2021 16:00:00,138.77
26/10/2021 16:00:00,139.67
27/10/2021 16:00:00,146.43
28/10/2021 16:00:00,146.13
29/10/2021 16:00:00,148.27
01/11/2021 16:00:00,143.77
02/11/2021 16:00:00,145.86
03/11/2021 16:00:00,146.79
04/11/2021 16:00:00,148.68
05/11/2021 16:00:00,149.24
08/11/2021 16:00:00,149.35
09/11/2021 16:00:00,149.25
10/11/2021 16:00:00,146.63
11/11/2021 16:00:00,146.75
12/11/2021 16:00:00,149.65
15/11/2021 16:00:00,149.39
16/11/2021 16:00:00,149.08
17/11/2021 16:00:00,149.06
18/11/2021 16:00:00,150.71
19/11/2021 16:00:00,149.95
22/11/2021 16:00:00,147.08
23/11/2021 16:00:00,146.76
24/11/2021 16:00:00,146.72
26/11/2021 13:00:00,142.81
29/11/2021 16:00:00,146.11
30/11/2021 16:00:00,142.45
01/12/2021 16:00:00,141.62
02/12/2021 16:00:00,143.78
03/12/2021 16:00:00,142.52
06/12/2021 16:00:00,143.8
07/12/2021 16:00:00,148.04
08/12/2021 16:00:00,148.72
09/12/2021 16:00:00,148.11
10/12/2021 16:00:00,148.68
13/12/2021 16:00:00,146.7
14/12/2021 16:00:00,144.97
15/12/2021 16:00:00,147.37
16/12/2021 16:00:00,144.84
17/12/2021 16:00:00,142.8
20/12/2021 16:00:00,142.4
21/12/2021 16:00:00,144.22
22/12/2021 16:00:00,146.95
23/12/2021 16:00:00,147.14
27/12/2021 16:00:00,148.06
28/12/2021 16:00:00,146.45
29/12/2021 16:00:00,146.5
30/12/2021 16:00:00,146
31/12/2021 16:00:00,144.68
03/01/2022 16:00:00,145.07
04/01/2022 16:00:00,144.42
05/01/2022 16:00:00,137.65
06/01/2022 16:00:00,137.55
07/01/2022 16:00:00,137
10/01/2022 16:00:00,138.57
11/01/2022 16:00:00,140.02
12/01/2022 16:00:00,141.65
13/01/2022 16:00:00,139.13
14/01/2022 16:00:00,139.79
18/01/2022 16:00:00,136.29
19/01/2022 16:00:00,135.65
20/01/2022 16:00:00,133.51
21/01/2022 16:00:00,130.09
24/01/2022 16:00:00,130.37
25/01/2022 16:00:00,126.74
26/01/2022 16:00:00,129.24
27/01/2022 16:00:00,129.12
28/01/2022 16:00:00,133.29
31/01/2022 16:00:00,135.7
01/02/2022 16:00:00,137.88
02/02/2022 16:00:00,148.04
03/02/2022 16:00:00,142.65
04/02/2022 16:00:00,143.02
07/02/2022 16:00:00,138.94
08/02/2022 16:00:00,139.21
09/02/2022 16:00:00,141.45
10/02/2022 16:00:00,138.6
11/02/2022 16:00:00,134.13
14/02/2022 16:00:00,135.3
15/02/2022 16:00:00,136.43
16/02/2022 16:00:00,137.49
17/02/2022 16:00:00,132.31
18/02/2022 16:00:00,130.47
22/02/2022 16:00:00,129.4
23/02/2022 16:00:00,127.59
24/02/2022 16:00:00,132.67
25/02/2022 16:00:00,134.52
28/02/2022 16:00:00,134.89
01/03/2022 16:00:00,134.17
02/03/2022 16:00:00,134.75
03/03/2022 16:00:00,134.31
04/03/2022 16:00:00,132.12
07/03/2022 16:00:00,126.46
08/03/2022 16:00:00,127.28
09/03/2022 16:00:00,133.87
10/03/2022 16:00:00,132.68
11/03/2022 16:00:00,130.48
14/03/2022 16:00:00,126.74
15/03/2022 16:00:00,129.66
16/03/2022 16:00:00,133.69
17/03/2022 16:00:00,134.6
18/03/2022 16:00:00,136.8
21/03/2022 16:00:00,136.48
22/03/2022 16:00:00,140.28
23/03/2022 16:00:00,138.5
24/03/2022 16:00:00,141.31
25/03/2022 16:00:00,141.52
28/03/2022 16:00:00,141.95
29/03/2022 16:00:00,143.25
30/03/2022 16:00:00,142.64
31/03/2022 16:00:00,139.65
01/04/2022 16:00:00,140.7
04/04/2022 16:00:00,143.64
05/04/2022 16:00:00,141.06
06/04/2022 16:00:00,137.18
07/04/2022 16:00:00,136.47
08/04/2022 16:00:00,134.01
11/04/2022 16:00:00,129.8
12/04/2022 16:00:00,128.37
13/04/2022 16:00:00,130.29
14/04/2022 16:00:00,127.25
18/04/2022 16:00:00,127.96
19/04/2022 16:00:00,130.53
20/04/2022 16:00:00,128.25
21/04/2022 16:00:00,124.94
22/04/2022 16:00:00,119.61
25/04/2022 16:00:00,123.25
26/04/2022 16:00:00,119.51
27/04/2022 16:00:00,115.02
28/04/2022 16:00:00,119.41
29/04/2022 16:00:00,114.97
02/05/2022 16:00:00,117.16
03/05/2022 16:00:00,118.13
04/05/2022 16:00:00,122.58
05/05/2022 16:00:00,116.75
06/05/2022 16:00:00,115.66
09/05/2022 16:00:00,113.08
10/05/2022 16:00:00,114.58
11/05/2022 16:00:00,113.96
12/05/2022 16:00:00,113.16
13/05/2022 16:00:00,116.52
16/05/2022 16:00:00,114.79
17/05/2022 16:00:00,116.7
18/05/2022 16:00:00,112.4
19/05/2022 16:00:00,110.75
20/05/2022 16:00:00,109.31
23/05/2022 16:00:00,111.67
24/05/2022 16:00:00,105.93
25/05/2022 16:00:00,105.84
26/05/2022 16:00:00,108.3
27/05/2022 16:00:00,112.8
31/05/2022 16:00:00,114.04
01/06/2022 16:00:00,114.14
02/06/2022 16:00:00,117.75
03/06/2022 16:00:00,114.56
06/06/2022 16:00:00,117.01
07/06/2022 16:00:00,117.23
08/06/2022 16:00:00,117.24
09/06/2022 16:00:00,114.92
10/06/2022 16:00:00,111.43
13/06/2022 16:00:00,106.88
14/06/2022 16:00:00,107.19
15/06/2022 16:00:00,110.39
16/06/2022 16:00:00,106.64
17/06/2022 16:00:00,107.87
21/06/2022 16:00:00,112.02
22/06/2022 16:00:00,112.03
23/06/2022 16:00:00,112.68
24/06/2022 16:00:00,118.54
27/06/2022 16:00:00,116.62
28/06/2022 16:00:00,112.57
29/06/2022 16:00:00,112.26
30/06/2022 16:00:00,109.37
01/07/2022 16:00:00,109.08
05/07/2022 16:00:00,113.89
06/07/2022 16:00:00,115.21
07/07/2022 16:00:00,119.31
08/07/2022 16:00:00,120.17
11/07/2022 16:00:00,116.52
12/07/2022 16:00:00,114.85
13/07/2022 16:00:00,112.19
14/07/2022 16:00:00,111.44
15/07/2022 16:00:00,112.77
18/07/2022 16:00:00,109.91
19/07/2022 16:00:00,114.62
20/07/2022 16:00:00,114.7
21/07/2022 16:00:00,115.04
22/07/2022 16:00:00,108.36
25/07/2022 16:00:00,108.21
26/07/2022 16:00:00,105.44
27/07/2022 16:00:00,113.6
28/07/2022 16:00:00,114.59
29/07/2022 16:00:00,116.64
01/08/2022 16:00:00,115.48
02/08/2022 16:00:00,115.9
03/08/2022 16:00:00,118.78
04/08/2022 16:00:00,118.87
05/08/2022 16:00:00,118.22
08/08/2022 16:00:00,118.14
09/08/2022 16:00:00,117.5
10/08/2022 16:00:00,120.65
11/08/2022 16:00:00,119.82
12/08/2022 16:00:00,122.65
15/08/2022 16:00:00,122.88
16/08/2022 16:00:00,122.51
17/08/2022 16:00:00,120.32
18/08/2022 16:00:00,120.86
19/08/2022 16:00:00,118.12
22/08/2022 16:00:00,115.07
23/08/2022 16:00:00,114.77
24/08/2022 16:00:00,114.7
25/08/2022 16:00:00,117.7
26/08/2022 16:00:00,111.3
29/08/2022 16:00:00,110.34
30/08/2022 16:00:00,109.91
31/08/2022 16:00:00,109.15
01/09/2022 16:00:00,110.55
02/09/2022 16:00:00,108.68
06/09/2022 16:00:00,107.48
07/09/2022 16:00:00,110.48
08/09/2022 16:00:00,109.42
09/09/2022 16:00:00,111.78
12/09/2022 16:00:00,111.87
13/09/2022 16:00:00,105.31
14/09/2022 16:00:00,105.87
15/09/2022 16:00:00,103.9
16/09/2022 16:00:00,103.63
19/09/2022 16:00:00,103.85
20/09/2022 16:00:00,101.83
21/09/2022 16:00:00,100.01
22/09/2022 16:00:00,100.57
23/09/2022 16:00:00,99.17
26/09/2022 16:00:00,98.81
27/09/2022 16:00:00,98.09
28/09/2022 16:00:00,100.74
29/09/2022 16:00:00,98.09
30/09/2022 16:00:00,96.15
03/10/2022 16:00:00,99.3
04/10/2022 16:00:00,102.41
05/10/2022 16:00:00,102.22
06/10/2022 16:00:00,102.24
07/10/2022 16:00:00,99.57
10/10/2022 16:00:00,98.71
11/10/2022 16:00:00,98.05
12/10/2022 16:00:00,98.3
13/10/2022 16:00:00,99.71
14/10/2022 16:00:00,97.18
17/10/2022 16:00:00,100.78
18/10/2022 16:00:00,101.39
19/10/2022 16:00:00,100.29
20/10/2022 16:00:00,100.53
21/10/2022 16:00:00,101.48
24/10/2022 16:00:00,102.97
25/10/2022 16:00:00,104.93
26/10/2022 16:00:00,94.82
27/10/2022 16:00:00,92.6
28/10/2022 16:00:00,96.58
31/10/2022 16:00:00,94.66
01/11/2022 16:00:00,90.5
02/11/2022 16:00:00,87.07
03/11/2022 16:00:00,83.49
04/11/2022 16:00:00,86.7
07/11/2022 16:00:00,88.65
08/11/2022 16:00:00,88.91
09/11/2022 16:00:00,87.4
10/11/2022 16:00:00,94.17
11/11/2022 16:00:00,96.73
14/11/2022 16:00:00,96.03
15/11/2022 16:00:00,98.72
16/11/2022 16:00:00,98.99
17/11/2022 16:00:00,98.5
18/11/2022 16:00:00,97.8
21/11/2022 16:00:00,95.83
22/11/2022 16:00:00,97.33
23/11/2022 16:00:00,98.82
25/11/2022 13:05:00,97.6
28/11/2022 16:00:00,96.25
29/11/2022 16:00:00,95.44
30/11/2022 16:00:00,101.45
01/12/2022 16:00:00,101.28
02/12/2022 16:00:00,100.83
05/12/2022 16:00:00,99.87
06/12/2022 16:00:00,97.31
07/12/2022 16:00:00,95.15
08/12/2022 16:00:00,93.95
09/12/2022 16:00:00,93.07
12/12/2022 16:00:00,93.56
13/12/2022 16:00:00,95.85
14/12/2022 16:00:00,95.31
15/12/2022 16:00:00,91.2
16/12/2022 16:00:00,90.86
19/12/2022 16:00:00,89.15
20/12/2022 16:00:00,89.63
21/12/2022 16:00:00,90.25
22/12/2022 16:00:00,88.26
23/12/2022 16:00:00,89.81
27/12/2022 16:00:00,87.93
28/12/2022 16:00:00,86.46
29/12/2022 16:00:00,88.95
30/12/2022 16:00:00,88.73
03/01/2023 16:00:00,89.7
04/01/2023 16:00:00,88.71
05/01/2023 16:00:00,86.77
06/01/2023 16:00:00,88.16
09/01/2023 16:00:00,88.8
10/01/2023 16:00:00,89.24
11/01/2023 16:00:00,92.26
12/01/2023 16:00:00,91.91
13/01/2023 16:00:00,92.8
17/01/2023 16:00:00,92.16
18/01/2023 16:00:00,91.78
19/01/2023 16:00:00,93.91
20/01/2023 16:00:00,99.28
23/01/2023 16:00:00,101.21
24/01/2023 16:00:00,99.21
25/01/2023 16:00:00,96.73
26/01/2023 16:00:00,99.16
27/01/2023 16:00:00,100.71
30/01/2023 16:00:00,97.95
31/01/2023 16:00:00,99.87
01/02/2023 16:00:00,101.43
02/02/2023 16:00:00,108.8
03/02/2023 16:00:00,105.22
06/02/2023 16:00:00,103.47
07/02/2023 16:00:00,108.04
08/02/2023 16:00:00,100
09/02/2023 16:00:00,95.46
10/02/2023 16:00:00,94.86
13/02/2023 16:00:00,95
14/02/2023 16:00:00,94.95
15/02/2023 16:00:00,97.1
16/02/2023 16:00:00,95.78
17/02/2023 16:00:00,94.59
21/02/2023 16:00:00,92.05
22/02/2023 16:00:00,91.8
23/02/2023 16:00:00,91.07
24/02/2023 16:00:00,89.35
27/02/2023 16:00:00,90.1
28/02/2023 16:00:00,90.3
01/03/2023 16:00:00,90.51
02/03/2023 16:00:00,92.31
03/03/2023 16:00:00,94.02
06/03/2023 16:00:00,95.58
07/03/2023 16:00:00,94.17
08/03/2023 16:00:00,94.65
09/03/2023 16:00:00,92.66
10/03/2023 16:00:00,91.01
13/03/2023 16:00:00,91.66
14/03/2023 16:00:00,94.25
15/03/2023 16:00:00,96.55
16/03/2023 16:00:00,101.07
17/03/2023 16:00:00,102.46
20/03/2023 16:00:00,101.93
21/03/2023 16:00:00,105.84
22/03/2023 16:00:00,104.22
23/03/2023 16:00:00,106.26
24/03/2023 16:00:00,106.06
27/03/2023 16:00:00,103.06
28/03/2023 16:00:00,101.36
29/03/2023 16:00:00,101.9
30/03/2023 16:00:00,101.32
31/03/2023 16:00:00,104
03/04/2023 16:00:00,104.91
04/04/2023 16:00:00,105.12
05/04/2023 16:00:00,104.95
06/04/2023 16:00:00,108.9
10/04/2023 16:00:00,106.95
11/04/2023 16:00:00,106.12
12/04/2023 16:00:00,105.22
13/04/2023 16:00:00,108.19
14/04/2023 16:00:00,109.46
17/04/2023 16:00:00,106.42
18/04/2023 16:00:00,105.12
19/04/2023 16:00:00,105.02
20/04/2023 16:00:00,105.9
21/04/2023 16:00:00,105.91
24/04/2023 16:00:00,106.78
25/04/2023 16:00:00,104.61
26/04/2023 16:00:00,104.45
27/04/2023 16:00:00,108.37
28/04/2023 16:00:00,108.22
01/05/2023 16:00:00,107.71
02/05/2023 16:00:00,105.98
03/05/2023 16:00:00,106.12
04/05/2023 16:00:00,105.21
05/05/2023 16:00:00,106.22
08/05/2023 16:00:00,108.24
09/05/2023 16:00:00,107.94
10/05/2023 16:00:00,112.28
11/05/2023 16:00:00,116.9
12/05/2023 16:00:00,117.92
15/05/2023 16:00:00,116.96
16/05/2023 16:00:00,120.09
17/05/2023 16:00:00,121.48
18/05/2023 16:00:00,123.52
19/05/2023 16:00:00,123.25
22/05/2023 16:00:00,125.87
23/05/2023 16:00:00,123.29
24/05/2023 16:00:00,121.64
25/05/2023 16:00:00,124.35
26/05/2023 16:00:00,125.43
30/05/2023 16:00:00,124.64
31/05/2023 16:00:00,123.37
01/06/2023 16:00:00,124.37
02/06/2023 16:00:00,125.23
05/06/2023 16:00:00,126.63
06/06/2023 16:00:00,127.91
07/06/2023 16:00:00,122.94
08/06/2023 16:00:00,122.67
09/06/2023 16:00:00,122.87
12/06/2023 16:00:00,124.35
13/06/2023 16:00:00,124.43
14/06/2023 16:00:00,124.38
15/06/2023 16:00:00,125.79
16/06/2023 16:00:00,124.06
20/06/2023 16:00:00,123.85
21/06/2023 16:00:00,121.26
22/06/2023 16:00:00,123.87
23/06/2023 16:00:00,123.02
26/06/2023 16:00:00,119.09
27/06/2023 16:00:00,119.01
28/06/2023 16:00:00,121.08
29/06/2023 16:00:00,120.01
30/06/2023 16:00:00,120.97
03/07/2023 13:05:00,120.56
05/07/2023 16:00:00,122.63
06/07/2023 16:00:00,120.93
07/07/2023 16:00:00,120.14
10/07/2023 16:00:00,116.87
11/07/2023 16:00:00,117.71
12/07/2023 16:00:00,119.62
13/07/2023 16:00:00,124.83
14/07/2023 16:00:00,125.7
17/07/2023 16:00:00,125.06
18/07/2023 16:00:00,124.08
19/07/2023 16:00:00,122.78
20/07/2023 16:00:00,119.53
21/07/2023 16:00:00,120.31
24/07/2023 16:00:00,121.88
25/07/2023 16:00:00,122.79
26/07/2023 16:00:00,129.66
27/07/2023 16:00:00,129.87
28/07/2023 16:00:00,133.01
31/07/2023 16:00:00,133.11
01/08/2023 16:00:00,131.89
02/08/2023 16:00:00,128.64
03/08/2023 16:00:00,128.77
04/08/2023 16:00:00,128.54
07/08/2023 16:00:00,131.94
08/08/2023 16:00:00,131.84
09/08/2023 16:00:00,130.15
10/08/2023 16:00:00,130.21
11/08/2023 16:00:00,130.17
14/08/2023 16:00:00,131.83
15/08/2023 16:00:00,130.27
16/08/2023 16:00:00,129.11
17/08/2023 16:00:00,130.46
18/08/2023 16:00:00,128.11
21/08/2023 16:00:00,128.93
22/08/2023 16:00:00,129.69
23/08/2023 16:00:00,133.21
24/08/2023 16:00:00,130.42
25/08/2023 16:00:00,130.69
28/08/2023 16:00:00,131.79
29/08/2023 16:00:00,135.49
30/08/2023 16:00:00,136.93
31/08/2023 16:00:00,137.35
01/09/2023 16:00:00,136.8
05/09/2023 16:00:00,136.71
06/09/2023 16:00:00,135.37
07/09/2023 16:00:00,136.2
08/09/2023 16:00:00,137.2
11/09/2023 16:00:00,137.74
12/09/2023 16:00:00,136.07
13/09/2023 16:00:00,137.5
14/09/2023 16:00:00,138.99
15/09/2023 16:00:00,138.3
18/09/2023 16:00:00,138.96
19/09/2023 16:00:00,138.83
20/09/2023 16:00:00,134.59
21/09/2023 16:00:00,131.36
22/09/2023 16:00:00,131.25
25/09/2023 16:00:00,132.17
26/09/2023 16:00:00,129.45
27/09/2023 16:00:00,131.46
28/09/2023 16:00:00,133.13
29/09/2023 16:00:00,131.85
02/10/2023 16:00:00,135.17
03/10/2023 16:00:00,133.3
04/10/2023 16:00:00,136.27
05/10/2023 16:00:00,135.99
06/10/2023 16:00:00,138.73
09/10/2023 16:00:00,139.5
10/10/2023 16:00:00,139.2
11/10/2023 16:00:00,141.7
12/10/2023 16:00:00,140.29
13/10/2023 16:00:00,138.58
16/10/2023 16:00:00,140.49
17/10/2023 16:00:00,140.99
18/10/2023 16:00:00,139.28
19/10/2023 16:00:00,138.98
20/10/2023 16:00:00,136.74
23/10/2023 16:00:00,137.9
24/10/2023 16:00:00,140.12
25/10/2023 16:00:00,126.67
26/10/2023 16:00:00,123.44
27/10/2023 16:00:00,123.4
30/10/2023 16:00:00,125.75
